{"cameraMode":{"drawMode":0,"name":"Shaded","section":"Shading Mode"},"sceneLighting":true,"audioPlay":false,"sceneViewState":{"m_AlwaysRefresh":false,"showFog":true,"showSkybox":true,"showFlares":true,"showImageEffects":true,"showParticleSystems":true,"showVisualEffectGraphs":true,"m_FxEnabled":true},"in2DMode":false,"pivot":{"x":676.833251953125,"y":278.2979736328125,"z":84.1378173828125},"rotation":{"x":0.13904736936092378,"y":0.0029708638321608307,"z":-0.0004171331529505551,"w":0.9902821183204651},"size":627.046630859375,"orthographic":false}